0,"#2506 -183 WELLINGTON ST W, Toronto, Ontario, M5V 0A1"
1,"#PH 1027 -55 STEWART ST, Toronto, Ontario, M5V 2V1"
3,"#1003 -410 QUEENS QUAY W, Toronto, Ontario, M5V 3T1"
4,"#4901 -2191 YONGE ST, Toronto, Ontario, M4S 3H8"
5,"#1801 -210 VICTORIA  ST, Toronto, Ontario, M5B 2R3"
7,"#713 -89 SKYMARK DR, Toronto, Ontario, M2H 3S6"
9,"#201 -70 ELMSTHORPE AVE, Toronto, Ontario, M5P 2L7"
14,"#N115 -120 BAYVIEW  AVE, Toronto, Ontario, M5A 3R7"
15,"#417 -70 DISTILLERY LANE, Toronto, Ontario, M5A 0E3"
17,"#1905 -832 BAY ST, Toronto, Ontario, M5S 1Z6"
18,"#PH 3102 -90 PARK LAWN RD, Toronto, Ontario, M8Y 0B6"
19,"#2005 -65 ST MARY ST, Toronto, Ontario, M5S 0A6"
21,"#1810 -105 GEORGE ST, Toronto, Ontario, M5A 2N4"
22,"#524 -10 GUILDWOOD PKWY, Toronto, Ontario, M1E 5B5"
23,"#703 -290 ADELAIDE ST W, Toronto, Ontario, M5V 1P6"
24,"#2609 -197 YONGE ST, Toronto, Ontario, M5B 1M4"
25,"#308 -319 CARLAW AVE, Toronto, Ontario, M4M 0A4"
26,"#24 -284 BROCK AVE, Toronto, Ontario, M6K 2M4"
28,"#509 -233 CARLAW AVE, Toronto, Ontario, M4M 3N6"
29,"#2402 -170 BAYVIEW AVE, Toronto, Ontario, M5A 1H7"
30,"#602 -2267 LAKE SHORE BLVD W, Toronto, Ontario, M8V 3X2"
31,"77 CRIMSON MILLWAY WAY, Toronto, Ontario, M2L 1T8"
32,"#235 -5 ELSIE LANE, Toronto, Ontario, M6P 3N3"
33,"#2317 -18 SOMMERSET WAY, Toronto, Ontario, M2N 6X5"
34,"#2715 -75 QUEENS WHARF RD, Toronto, Ontario, M5V 0J8"
35,"#103 -3800 YONGE ST, Toronto, Ontario, M4N 3P7"
36,"#3615 -75 QUEENS WHARF RD, Toronto, Ontario, M5V 0J8"
37,"#302 -1733 QUEEN ST E, Toronto, Ontario, M4L 6S9"
38,"#1717 -155 YORKVILLE AVE, Toronto, Ontario, M5R 1C4"
39,"#211 -1765 QUEEN ST E, Toronto, Ontario, M4L 3Z2"
40,"#1005 -89 DUNFIELD AVE, Toronto, Ontario, M4S 0A4"
41,"#9 -70 BYNG AVE, Toronto, Ontario, M2N 7L9"
42,"#808 -9 BOGERT AVE, Toronto, Ontario, M2N 0H3"
43,"#1118 -20 MINOWAN MIIKAN LANE, Toronto, Ontario, M6J 0E5"
44,"#804 -208 QUEENS QUAY W, Toronto, Ontario, M5J 2Y5"
45,"#305 -435 RICHMOND ST W, Toronto, Ontario, M5V 1X9"
46,"#501 -159 DUNDAS ST E, Toronto, Ontario, M5B 1E4"
47,"#706 -2 CLAIRTRELL RD, Toronto, Ontario, M2N 7H5"
50,"#33 -22 APPLEWOOD LANE, Toronto, Ontario, M9C 2Z7"
51,"#619 -500 DORIS AVE, Toronto, Ontario, M2N 0C1"
52,"#3106 -21 WIDMER ST, Toronto, Ontario, M5V 0B8"
55,"#221 -525 ADELAIDE ST W, Toronto, Ontario, M5V 1T6"
58,"#205 -260 DORIS AVE, Toronto, Ontario, M2N 6X9"
60,"#2402 -32 DAVENPORT RD, Toronto, Ontario, M5R 0B5"
61,"#1208 -33 CHARLES ST E, Toronto, Ontario, M4Y 0A2"
62,"#1305 -25 BROADWAY AVE, Toronto, Ontario, M4P 1T7"
64,"#812 -7 KENASTON  GDNS, Toronto, Ontario, M2K 1G7"
65,"#304 -660 PAPE AVE, Toronto, Ontario, M4K 3S5"
66,"#1407 -188 DORIS AVE, Toronto, Ontario, M2N 6Z5"
67,"#1022 -19 SINGER CRT, Toronto, Ontario, M2K 0B2"
68,"#2810 -30 NELSON ST, Toronto, Ontario, M5V 0H5"
69,"#1611 -7 CARLTON ST, Toronto, Ontario, M5B 2M3"
70,"#507 -5168 YONGE ST, Toronto, Ontario, M2N 5P6"
71,"##56 -19 ELDORA AVE, Toronto, Ontario, M2M 0B5"
72,"#11 -15 HERON PARK PL, Toronto, Ontario, M1E 0B8"
73,"#611 -5 NORTHTOWN WAY, Toronto, Ontario, M2N 7A1"
76,"#1008 -70 TEMPERANCE ST, Toronto, Ontario, M5H 4E8"
77,"#421 -783 BATHURST ST, Toronto, Ontario, M5S 1Z5"
78,"#710 -28 BYNG AVE, Toronto, Ontario, M2N 7H4"
79,"#807 -1486 BATHURST ST, Toronto, Ontario, M5P 3G9"
80,"#115 -20 GOTHIC AVE, Toronto, Ontario, M6P 1T5"
81,"#3602 -25 TOWN CENTRE CRT, Toronto, Ontario, M1P 0B4"
84,"#639 -3 EVERSON DR, Toronto, Ontario, M2N 7C2"
85,"#1208 -25 MAITLAND ST, Toronto, Ontario, M4Y 2W1"
86,"#825 -99 THE DONWAY AVE, Toronto, Ontario, M3C 0N8"
88,"#914 -1055 BAY ST, Toronto, Ontario, M5S 3A3"
89,"#829 -1 SHAW ST, Toronto, Ontario, M6K 0A1"
90,"#520 -20 BLUE JAYS WAY, Toronto, Ontario, M5V 3W6"
91,"#220 -8 DOVERCOURT RD, Toronto, Ontario, M6J 0B6"
92,"#1702 -181 DUNDAS ST E, Toronto, Ontario, M5A 0N5"
93,"66 DUNDALK  DR, Toronto, Ontario, M1P 4T7"
94,"#4201 -25 TELEGRAM MEWS, Toronto, Ontario, M5V 3Z9"
97,"51 YELLOW BIRCH WAY, Toronto, Ontario, M2H 2S9"
98,"#132 -78 ST PATRICK ST, Toronto, Ontario, M5T 3K8"
100,"#302 -1901 YONGE ST, Toronto, Ontario, M4S 1Y6"
101,"#PH6 -51 HARRISON GARDEN BLVD, Toronto, Ontario, M2N 7G4"
102,"#501 -56 FOREST MANOR RD, Toronto, Ontario, M2J 1M6"
103,"#1015 -51 EAST LIBERTY ST, Toronto, Ontario, M6K 3P8"
104,"#35 -2800 MIDLAND AVE, Toronto, Ontario, M1S 3K7"
105,"#1902 -68 SHUTER ST, Toronto, Ontario, M5B 1B4"
106,"#615 -75 EMMETT AVE, Toronto, Ontario, M6M 5A7"
107,"#524 -120 DALLIMORE CIRC, Toronto, Ontario, M3C 4J1"
108,"#502 -830 LAWRENCE AVE W, Toronto, Ontario, M6A 0B6"
109,"#213 -608 RICHMOND ST W, Toronto, Ontario, M5V 1Y9"
110,"#1115 -255 RICHMOND ST E, Toronto, Ontario, M5A 4T7"
111,"#223 -415 JARVIS ST, Toronto, Ontario, M4Y 2G8"
112,"#1111 -55 BREMNER BLVD, Toronto, Ontario, M5J 0A6"
114,"#1103 -127 QUEEN ST E, Toronto, Ontario, M5C 1S1"
115,"#803 -51 TROLLEY CRES, Toronto, Ontario, M5A 0E9"
116,"22 ENCLAVE MEWS, Toronto, Ontario, M3M 3J6"
117,"#1018 -629 KING ST W, Toronto, Ontario, M5V 0G9"
118,"#207 -8835 SHEPPARD AVE E, Toronto, Ontario, M1B 5R7"
120,"#1716 -1883 MCNICOLL AVE, Toronto, Ontario, M1V 5M3"
121,"#103 -111 ELIZABETH ST, Toronto, Ontario, M5G 1P7"
122,"#204 -15 VIKING LANE, Toronto, Ontario, M9B 0A4"
123,"#606 -27 REAN DR, Toronto, Ontario, M2K 0A6"
124,"#L01 -201 CARLAW AVE, Toronto, Ontario, M4M 2S3"
126,"#1114 -2 REAN DR, Toronto, Ontario, M2K 3B8"
127,"#1210 -85 EMMETT AVE, Toronto, Ontario, M6M 5A2"
128,"#2003 -80 ALTON TOWERS CIRC, Toronto, Ontario, M1V 5E8"
129,"#1613 -1 MICHAEL POWER PL, Toronto, Ontario, M9A 0A1"
130,"##411 -60 PAVANE LINK WAY, Toronto, Ontario, M3C 1A1"
131,"#305 -20 FOREST MANOR RD, Toronto, Ontario, M2J 1M2"
133,"#608 -420 MILL RD, Toronto, Ontario, M9C 1Z1"
137,"#2908 -125 VILLAGE GREEN SQ, Toronto, Ontario, M1S 0G3"
138,"#1106 -1 ROWNTREE RD, Toronto, Ontario, M9V 5G7"
141,"#508 -32 CAMDEN ST, Toronto, Ontario, M5V 1V1"
142,"#618 -2825 ISLINGTON AVE, Toronto, Ontario, M9L 2K1"
144,"#605 -170 FORT YORK BLVD, Toronto, Ontario, M5V 0E6"
145,"#310 -320 DIXON RD E, Toronto, Ontario, M9R 1S8"
146,"##2311 -100 LEEWARD GLENWAY GLWY, Toronto, Ontario, M3C 2Z1"
147,"##907 -10 TAPSCOTT RD, Toronto, Ontario, M1B 3L9"
148,"1 MASSEY  SQ, Toronto, Ontario, M4C 5L4"
149,"#904 -5580 SHEPPARD AVE E, Toronto, Ontario, M1B 2L3"
152,"#1109 -15 SEWELLS RD, Toronto, Ontario, M1B 3V7"
153,"#1818 -1 MASSEY SQ, Toronto, Ontario, M4C 5L4"
156,"#301 -35 CHURCH ST, Toronto, Ontario, M5E 1T3"
158,"#1904 -278 BLOOR  ST E, Toronto, Ontario, M4W 3M4"
159,"#PH01 -763 BAY ST, Toronto, Ontario, M5G 2R3"
161,"#1815 -70 ROEHAMPTON AVE, Toronto, Ontario, M4P 1R2"
163,"#1503 -195 MERTON ST, Toronto, Ontario, M4S 3H6"
165,"#2804 -101 CHARLES ST E, Toronto, Ontario, M4Y 0A9"
166,"#912 -7 KENASTON GDNS, Toronto, Ontario, M2K 0E9"
167,"#118 -1210 DON MILLS RD, Toronto, Ontario, M3B 3N9"
168,"#705 -3 MCALPINE ST, Toronto, Ontario, M5R 3T5"
171,"#314 -23 CARLTON ST, Toronto, Ontario, M5B 1L2"
173,"#101 -2 OLD MILL DR, Toronto, Ontario, M6S 0A2"
174,"#1806 -770 BAY ST, Toronto, Ontario, M5G 1N6"
175,"#403 -60 BATHURST ST, Toronto, Ontario, M5V 2P4"
177,"#202 -50 MERCHANT LANE, Toronto, Ontario, M6P 4J6"
178,"#2804 -88 HARBOUR ST, Toronto, Ontario, M5J 1B7"
180,"#1906 -1080 BAY ST, Toronto, Ontario, M5S 0A6"
181,"#1708 -9 BOGERT AVE, Toronto, Ontario, M2N 5M6"
183,"#1603 -1300 ISLINGTON AVE, Toronto, Ontario, M9A 5C4"
184,"#28 -121 PRESCOTT AVE, Toronto, Ontario, M6N 3G8"
185,"#604 -89 DUNFIELD AVE, Toronto, Ontario, M4S 0A4"
186,"914-1 Market St, Toronto, ON, M5E 0A2"
187,"202-214 Main St, Toronto, ON, M4E 2W1"
188,"#303 -2012 QUEEN ST E, Toronto, Ontario, M4L 1J3"
189,"#101 -6 BRIAN PECK CRES, Toronto, Ontario, M4G 4K4"
190,"6-29 Frances Loring  Lane, Toronto, ON, M4M 3E8"
191,"#702 -1 THE ESPLANADE, Toronto, Ontario, M5E 0A8"
192,"3506-25 Capreol Crt, Toronto, ON, M5V 3Z7"
193,"#110 -23 HOLLYWOOD AVE, Toronto, Ontario, M2N 7L8"
195,"#1014 -10 BLOORVIEW PL, Toronto, Ontario, M2J 0B1"
196,"#2310 -225 SACKVILLE ST, Toronto, Ontario, M5A 0B9"
197,"#15 -75 MARKHAM ST, Toronto, Ontario, M6J 2G4"
200,"#510 -65 HARBOUR SQ, Toronto, Ontario, M5J 2L4"
201,"#2702 -29 SINGER CRT, Toronto, Ontario, M2K 0B3"
202,"#2106 -300 FRONT ST W, Toronto, Ontario, M5V 0E9"
204,"#517W -27 BATHURST ST, Toronto, Ontario, M5V 2P1"
205,"#1704 -235 SHERWAY GARDENS RD, Toronto, Ontario, M9C 0A2"
207,"#1212 -320 RICHMOND ST E, Toronto, Ontario, M5A 1P9"
210,"102-369 Sorauren Ave, Toronto, ON, M6R 2G5"
213,"19 PHILPOTT GDNS, Toronto, Ontario, M4E 0A8"
215,"#405 -707 DOVERCOURT RD, Toronto, Ontario, M6H 2W7"
216,"#3916 -15 ICEBOAT TERR, Toronto, Ontario, M5V 4A5"
218,"#301 -170 SUMACH ST, Toronto, Ontario, M5A 0C3"
221,"#102 -131 TORRESDALE AVE, Toronto, Ontario, M2R 3T1"
222,"#1505 -68 ABELL ST, Toronto, Ontario, M6J 0B1"
223,"#2032 -3033 FINCH AVE W, Toronto, Ontario, M9M 0A3"
224,"#50 -20 INLET MEWS, Toronto, Ontario, M3M 2X7"
225,"#1603 -111 ELIZABETH ST, Toronto, Ontario, M5G 1P7"
227,"1110-100 Western Battery Rd, Toronto, ON, M6K 3S2"
229,"#4 -17 FOUR WINDS DR, Toronto, Ontario, M3J 2S8"
230,"#408 -281 MUTUAL ST, Toronto, Ontario, M4Y 3C4"
232,"#905 -1171 QUEEN ST W, Toronto, Ontario, M6J 0A5"
233,"#2008 -15 ICEBOAT TERR, Toronto, Ontario, M5V 4A5"
234,"#906 -2885 BAYVIEW AVE, Toronto, Ontario, M2K 0A3"
238,"#328 -954 KING ST W, Toronto, Ontario, M6K 3L9"
242,"#N220 -120 BAYVIEW AVE, Toronto, Ontario, M5A 3R7"
243,"#35 -10 LEITH HILL RD, Toronto, Ontario, M2J 1Z2"
245,"#2606 -8 MERCER ST, Toronto, Ontario, M5V 0C4"
246,"#3106 -38 GRENVILLE ST, Toronto, Ontario, M4Y 1A5"
247,"#516 -21 GRAND MAGAZINE ST, Toronto, Ontario, M5V 1B5"
249,"#55 -401 SEWELLS RD, Toronto, Ontario, M1B 5K6"
252,"#222 -140 SIMCOE ST, Toronto, Ontario, M5H 4E9"
253,"#PH4 -15 MAITLAND PL, Toronto, Ontario, M4Y 2X3"
255,"726-109 Front  St E, Toronto, ON, M5A 4P7"
256,"#915 -555 YONGE ST, Toronto, Ontario, M4Y 3A6"
257,"#E24 -284 MILL RD, Toronto, Ontario, M9C 4W6"
260,"#319 -33 MILL ST, Toronto, Ontario, M5A 3R3"
262,"#1107 -280 DONLANDS AVE, Toronto, Ontario, M4J 0A3"
263,"#807 -830 LAWRENCE AVE W, Toronto, Ontario, M6A 1C3"
264,"#608 -133 TORRESDALE AVE, Toronto, Ontario, M2R 3T2"
266,"#615 -35 HAYDEN ST, Toronto, Ontario, M4Y 3C3"
267,"#608 -235 SHERWAY GARDENS RD, Toronto, Ontario, M9C 0A2"
268,"#203 -955 O'CONNOR DR, Toronto, Ontario, M4B 2S7"
269,"#201 -61 MARKBROOK LANE, Toronto, Ontario, M9V 5E7"
270,"#510 -120 DALLIMORE CIRC, Toronto, Ontario, M3C 4J1"
271,"#1806 -205 SHERWAY GARDENS RD, Toronto, Ontario, M9C 0A5"
273,"#435 -525 WILSON AVE, Toronto, Ontario, M3H 1V1"
274,"#714 -2 REAN DR, Toronto, Ontario, M2K 3B8"
275,"#313E -555 WILSON AVE, Toronto, Ontario, M3H 5Y6"
276,"#1501 -15 MICHAEL POWER PL, Toronto, Ontario, M9A 5G4"
277,"#2717 -181 VILLAGE GREEN SQ, Toronto, Ontario, M1S 0K6"
278,"#1512 -5039 FINCH AVE E, Toronto, Ontario, M1S 5J9"
280,"#208 -8 FIELDWAY RD, Toronto, Ontario, M8Z 0C3"
281,"#1006 -7 MICHAEL POWER PL, Toronto, Ontario, M9A 0A4"
282,"#2 -189 GALLOWAY RD, Toronto, Ontario, M1E 5H3"
284,"#509 -39 KIMBERCROFT CRT, Toronto, Ontario, M1S 5B5"
286,"#1004 -50 LOMBARD ST, Toronto, Ontario, M5C 2X4"
289,"#206 -170 SUDBURY ST, Toronto, Ontario, M6J 0A1"
290,"2531-125 Omni Dr, Toronto, ON, M1P 5A9"
291,"#704 -225 SHERWAY GARDENS RD, Toronto, Ontario, M9C 0A3"
292,"#2506 -11 LEE CENTRE DR, Toronto, Ontario, M1H 3J5"
293,"#320 -684 WARDEN AVE, Toronto, Ontario, M1L 4W4"
296,"1006-121 Ling Rd, Toronto, ON, M1E 4Y2"
297,"#1009 -238 ALBION RD N, Toronto, Ontario, M9W 6A7"
298,"#902 -8 COLBORNE ST, Toronto, Ontario, M5E 1E1"
299,"#2011 -2550 LAWRENCE AVE, Toronto, Ontario, M1P 4Z3"
300,"#914 -180 MARKHAM  RD, Toronto, Ontario, M1M 2Z9"
301,"#2007 -5 GREYSTONE WALK DR, Toronto, Ontario, M1K 5J5"
302,"10 TAPSCOTT RD, Toronto, Ontario, M1B 3L9"
305,"#22 -7 BRIMLEY RD S, Toronto, Ontario, M1M 3W3"
306,"#1106 -50 LOTHERTON PTWY, Toronto, Ontario, M6B 2G7"
307,"#402 -500 WELLINGTON ST W, Toronto, Ontario, M5V 1E3"
309,"#1001 -170 AVENUE RD, Toronto, Ontario, M5R 0A4"
313,"#812 -889 BAY ST, Toronto, Ontario, M5S 3K5"
314,"#1030 -1 OLD MILL DR, Toronto, Ontario, M6S 0A1"
316,"#2503 -110 CHARLES ST E, Toronto, Ontario, M4Y 1T5"
317,"#1408 -2191 YONGE ST, Toronto, Ontario, M4S 3H8"
318,"#1005 -45 CARLTON ST, Toronto, Ontario, M5B 2H9"
319,"#1307 -628 FLEET ST, Toronto, Ontario, M5V 1A8"
320,"#1910 -300 FRONT ST W, Toronto, Ontario, M5V 0E9"
321,"#2 -1396 BLOOR ST W, Toronto, Ontario, M6P 4H6"
322,"#1104 -30 GREENFIELD AVE, Toronto, Ontario, M2N 6N3"
323,"206-194 Merton STREET, Toronto, ON, M4S 1A1"
324,"#608 -1200 DON MILLS RD, Toronto, Ontario, M3B 3N8"
325,"#510 -381 FRONT ST W, Toronto, Ontario, M5V 3R8"
327,"#1011 -501 ST CLAIR AVE W, Toronto, Ontario, M5P 0A2"
328,"#214 -510 KING ST E, Toronto, Ontario, M5A 0E5"
329,"#404 -435 RICHMOND ST W, Toronto, Ontario, M5V 1X9"
330,"#1804 -1815 YONGE ST, Toronto, Ontario, M4T 2A4"
331,"#403 -1238 DUNDAS ST E, Toronto, Ontario, M4M 1S3"
332,"#420 -98 LILLIAN ST, Toronto, Ontario, M4S 0A5"
333,"#201 -55 LOMBARD ST, Toronto, Ontario, M5C 2R7"
335,"#LPH3604 -33 SHORE BREEZE DR, Toronto, Ontario, M8V 0G1"
337,"#406 -21 SCOLLARD ST, Toronto, Ontario, M5R 1G1"
339,"#5306 -1080 BAY ST, Toronto, Ontario, M5S 0A5"
342,"#2002 -70 FOREST MANOR RD, Toronto, Ontario, M2J 1G2"
343,"#1211 -150 EAST LIBERTY ST, Toronto, Ontario, M6K 3R5"
344,"#1506 -27 BATHURST ST, Toronto, Ontario, M5V 2P1"
345,"#1604 -125 PETER ST, Toronto, Ontario, M5V 2G9"
346,"#1012 -85 EAST LIBERTY ST, Toronto, Ontario, M6K 0A2"
347,"#73 -1075 ELLESMERE RD, Toronto, Ontario, M1P 2W9"
349,"#PH15 -19 GRAND TRUNK CRES, Toronto, Ontario, M5J 3A3"
350,"#436 -155 DALHOUSIE ST, Toronto, Ontario, M5B 2P7"
351,"#1411 -62 FOREST MANOR RD, Toronto, Ontario, M2J 1M6"
352,"#505 -909 BAY ST, Toronto, Ontario, M5S 1Z9"
353,"#638 -68 ABELL ST, Toronto, Ontario, M6J 0A2"
357,"#930 -68 ABELL ST, Toronto, Ontario, M6J 0A2"
359,"515-22 Leader Lane, Toronto, ON, M5E 0B2"
361,"#4007 -85 QUEENS WHARF RD, Toronto, Ontario, M5V 0J9"
363,"#414 -320 RICHMOND ST E, Toronto, Ontario, M5A 1P9"
365,"#305 -68 MERTON ST, Toronto, Ontario, M4S 1A1"
366,"#607 -71 FRONT  ST E, Toronto, Ontario, M5E 1T9"
367,"#1401 -78 TECUMSETH ST, Toronto, Ontario, M5V 0A9"
371,"#101 -30 DUNDALK DR, Toronto, Ontario, M1P 4W1"
372,"#1310 -2885 BAYVIEW AVE, Toronto, Ontario, M2K 0A3"
373,"2302-15 Windermere Ave, Toronto, ON, M6S 5A2"
374,"#312 -3830 BATHURST ST, Toronto, Ontario, M3H 6C5"
377,"#402 -231 FORT YORK BLVD, Toronto, Ontario, M5V 1B2"
378,"#PH9 -30 HERONS HILL WAY, Toronto, Ontario, M2J 0A7"
379,"#130 -525 WILSON AVE W, Toronto, Ontario, M3H 1V1"
380,"#145 -71 MCCAUL ST, Toronto, Ontario, M5T 2X1"
381,"#5109 -12 YORK ST, Toronto, Ontario, M5J 0A9"
384,"#1602 -460 ADELAIDE ST E, Toronto, Ontario, M5A 1N6"
387,"#2114 -103 THE QUEENSWAY AVE, Toronto, Ontario, M6S 5B3"
388,"#11 -138 HOMESTEAD RD, Toronto, Ontario, M1E 3S2"
389,"434-525 Wilson Ave, Toronto, ON, M3H 0A7"
390,"#2210 -600 FLEET ST, Toronto, Ontario, M5V 1B7"
391,"#2503 -121 MCMAHON DR, Toronto, Ontario, M2K 2X9"
392,"#1132 -68 CORPORATE DR, Toronto, Ontario, M1H 3H3"
393,"206-1210 Don Mills Rd, Toronto, ON, M3B 3N9"
394,"#1007 -115 RICHMOND ST E, Toronto, Ontario, M5C 3H6"
395,"#807 -151 VILLAGE GREEN SQ, Toronto, Ontario, M1S 0K5"
396,"#1231 -35 VIKING LANE, Toronto, Ontario, M9B 0A2"
397,"#208 -55 HUNTINGDALE BLVD, Toronto, Ontario, M1W 2N9"
398,"#86 -37 FOUR WINDS DR, Toronto, Ontario, M3J 1K7"
401,"#804 -115 RICHMOND ST E, Toronto, Ontario, M5C 3H6"
402,"#215 -55 ANN O'REILLY RD, Toronto, Ontario, M2J 0E1"
403,"#1724 -80 HARRISON GARDEN BLVD, Toronto, Ontario, M2N 7E3"
404,"1610-15 Zorra STREET, Toronto, ON, M8Z 4Z6"
405,"3303-45 Charles St E, Toronto, ON, M4Y 1S2"
406,"#427 -525 WILSON AVE, Toronto, Ontario, M3H 1V1"
407,"#4705 -45 CHARLES ST E, Toronto, Ontario, M4Y 1S2"
409,"#1607 -260 SCARLETT RD, Toronto, Ontario, M6N 4X6"
413,"#1006 -215 SHERWAY GARDENS RD, Toronto, Ontario, M9C 0A4"
414,"713-80 Western Battery Rd, Toronto, ON, M6K 3S1"
416,"144-90 Wingarden Crt, Toronto, ON, M1B 2K3"
418,"#1503 -120 DUNDALK DR, Toronto, Ontario, M1P 4V9"
419,"#831 -15 JAMES FINLAY WAY, Toronto, Ontario, M3M 0B3"
420,"#304 -15 VICORA LINKWAY WAY, Toronto, Ontario, M3C 1A9"
421,"#844 -830 LAWRENCE AVE W, Toronto, Ontario, M6A 0B6"
423,"#208 -45 SILVER SPRINGS BLVD, Toronto, Ontario, M1V 1M9"
424,"#902 -30 THUNDER GRVE, Toronto, Ontario, M1V 4A3"
425,"1214-8 Mondeo Dr, Toronto, ON, M1P 5C7"
426,"1201-1 Massey Sq, Toronto, ON, M4C 5L4"
427,"#116 -3841 LAKE SHORE BLVD W, Toronto, Ontario, M8W 1R2"
428,"#212 -25 SILVER SPRINGS BLVD, Toronto, Ontario, M1V 1M9"
429,"#720 -36 LISGAR ST, Toronto, Ontario, M6J 3G2"
432,"#312 -800 KENNEDY RD, Toronto, Ontario, M1K 2C9"
433,"#1505 -410 MCLEVIN AVE, Toronto, Ontario, M1B 5J5"
438,"6208-7 Grenville St, Toronto, ON, M4Y 1A1"
442,"208-900 Mount Pleasant Rd, Toronto, ON, M4P 3J9"
443,"#TH27 -120 TWENTY FOURTH ST, Toronto, Ontario, M8V 3P1"
444,"#819 -500 DORIS AVE, Toronto, Ontario, M2N 0C1"
445,"#GV 213 -17 BARBERRY PL, Toronto, Ontario, M2K 3E2"
446,"#1011 -8 HILLCREST AVE, Toronto, Ontario, M2N 6Y6"
448,"#1202 -42 CHARLES ST E, Toronto, Ontario, M4Y 1T4"
449,"#421 -1 BELSIZE DR, Toronto, Ontario, M4S 0B9"
450,"3-516 Riverside DR, Toronto, ON, M6S 4B5"
451,"#1001 -10 CAPREOL CRT, Toronto, Ontario, M5V 4B3"
453,"#746 -151 DAN LECKIE WAY, Toronto, Ontario, M5V 0B4"
454,"#45 -15 GUILDWOOD PKWY, Toronto, Ontario, M1E 4Y8"
455,"210-2285 Lake Shore Blvd W, Toronto, ON, M8W 1N2"
458,"#527 -50 ANN O'REILLY RD, Toronto, Ontario, M2J 0C9"
463,"#2205 -3300 DON MILLS RD, Toronto, Ontario, M2J 4X7"
464,"210-11 Superior Ave, Toronto, ON, M8V 0A7"
465,"#1107 -45 SILVERSTONE DR, Toronto, Ontario, M9V 4B1"
466,"417-40 Sunrise Ave, Toronto, ON, M4A 2R4"
468,"#507 -2901 KIPLING AVE N, Toronto, Ontario, M9V 5E5"
469,"216-800 Lawrence Ave W, Toronto, ON, M6A 1C3"
470,"#809 -940 CALEDONIA RD, Toronto, Ontario, M6B 3Y4"
471,"2702-5 Massey Sq, Toronto, ON, M4C 5L6"
472,"#1304 -150 HEATH ST, Toronto, Ontario, M4V 2Y4"
473,"#405 -41 DOVERCOURT RD, Toronto, Ontario, M6J 3C2"
476,"#412 -5444 YONGE ST, Toronto, Ontario, M2N 6J4"
479,"#2203 -503 BEECROFT RD, Toronto, Ontario, M2N 0A2"
480,"#1710 -18 SPRING GARDEN AVE, Toronto, Ontario, M2N 3G2"
481,"#602 -55 REGENT PARK BLVD, Toronto, Ontario, M5A 0C2"
484,"#2805 -15 GREENVIEW AVE, Toronto, Ontario, M2M 4M7"
485,"#403 -747 QUEEN ST E, Toronto, Ontario, M4M 1H3"
487,"#1202 -15 VIKING LANE, Toronto, Ontario, M9B 0A4"
488,"#2711 -181 DUNDAS ST E, Toronto, Ontario, M5A 0N5"
489,"#904W -565 WILSON AVE, Toronto, Ontario, M3H 5Y6"
490,"#2812 -14 YORK ST, Toronto, Ontario, M5J 2Z2"
492,"#511 -7 BISHOP AVE, Toronto, Ontario, M2M 4J4"
495,"#2001 -159 DUNDAS ST E, Toronto, Ontario, M5B 1E4"
496,"#306 -12 YONGE ST S, Toronto, Ontario, M5E 1R4"
498,"#721 -2267 LAKE SHORE BLVD, Toronto, Ontario, M8V 3X2"
499,"#305 -5 VICORA LINKWAY WAY, Toronto, Ontario, M3C 1A4"
500,"#1002 -2756 OLD LESLIE ST, Toronto, Ontario, M2K 0A9"
502,"#505 -35 FONTENAY CRT, Toronto, Ontario, M9A 0C4"
503,"#702 -255 VILLAGE GREEN SQ, Toronto, Ontario, M1S 0L3"
504,"#25 -23 ISLAND RD, Toronto, Ontario, M1C 0E4"
507,"#1607 -255 BAMBURGH CIRC, Toronto, Ontario, M1W 3T6"
508,"#4608 -2200 LAKE SHORE BLVD, Toronto, Ontario, M8V 1A4"
509,"#2009 -23 HOLLYWOOD AVE, Toronto, Ontario, M2N 7L8"
510,"#802 -260 SENECA HILL DR, Toronto, Ontario, M2J 4S6"
515,"#618 -20 DEAN PARK RD, Toronto, Ontario, M1B 3G9"
516,"#2603 -66 FOREST MANOR RD, Toronto, Ontario, M2J 1M6"
519,"#1111 -8 TRENT AVE, Toronto, Ontario, M4C 5C6"
520,"#318 -2835 ISLINGTON AVE, Toronto, Ontario, M9L 2K2"
522,"#1131 -18 MONDEO DR, Toronto, Ontario, M1P 5C8"
524,"#2206 -50 BRIAN HARRISON WAY, Toronto, Ontario, M1P 5J4"
525,"#511 -25 TOWN CENTRE CRT, Toronto, Ontario, M1P 0B4"
526,"#1506 -89 MCGILL ST, Toronto, Ontario"
527,"#2020 -100 MORNELLE CRT, Toronto, Ontario, M1E 4X2"
530,"#2410 -101 ERSKINE  AVE, Toronto, Ontario, M4P 0C5"
531,"#2 -536 BRUNSWICK AVE, Toronto, Ontario, M5R 2Z5"
532,"#1404 -65 HARBOUR SQ, Toronto, Ontario, M5J 2L4"
533,"#TH122 -10 WALKER AVE, Toronto, Ontario, M4V 1G2"
534,"915D ADELAIDE ST W, Toronto, Ontario, M6J 3T2"
535,"#605 -35 CHURCH ST, Toronto, Ontario, M5E 1T3"
537,"#402 -608 RICHMOND ST W, Toronto, Ontario, M5V 0N9"
538,"#611 -1888 BAYVIEW AVE, Toronto, Ontario, M4G 3E4"
539,"#2505 -15 LOWER JARVIS ST, Toronto, Ontario, M5E 0C4"
541,"#302 -228 QUEENS QUAY W, Toronto, Ontario, M5J 2X1"
542,"##1703 -65 ST MARY ST, Toronto, Ontario, M5S 0A6"
543,"#2107 -90 STADIUM RD, Toronto, Ontario, M5V 3W5"
544,"#3712 -85 WOOD ST, Toronto, Ontario, M4Y 0E8"
546,"#3406 -70 FOREST MANOR RD, Toronto, Ontario, M2J 1M6"
547,"#2909 -19 GRAND TRUNK CRES, Toronto, Ontario, M5J 3A3"
549,"#2204 -120 HOMEWOOD AVE, Toronto, Ontario, M4Y 2J3"
550,"#11 -3062 LAKE SHORE BLVD W, Toronto, Ontario, M8V 4C9"
551,"#206 -2 FIELDWAY RD, Toronto, Ontario, M8Z 0B9"
552,"#2203 -1 SCOTT ST, Toronto, Ontario, M5E 1A1"
553,"#319 -510 KING ST, Toronto, Ontario, M5A 1M1"
554,"58 BARDS  WALKWAY, Toronto, Ontario, M2J 4T9"
556,"#1122 -231 FORT YORK BLVD, Toronto, Ontario, M5V 1B2"
557,"#1205 -51 EAST LIBERTY ST, Toronto, Ontario, M6K 3P8"
559,"#517 -40 SYLVAN VALLEY WAY, Toronto, Ontario, M5M 4M3"
560,"#103 -5 HANNA AVE, Toronto, Ontario, M6K 1W8"
561,"#206 -212 ST GEORGE ST, Toronto, Ontario, M5R 2N8"
562,"129 RUSTY CREST WAY, Toronto, Ontario, M2J 2Y4"
564,"#1163 -209 FORT YORK BLVD, Toronto, Ontario, M5V 4A1"
566,"#409 -15 STAFFORD ST, Toronto, Ontario, M5V 3X6"
567,"#617 -825 CHURCH ST, Toronto, Ontario, M4W 3Z4"
568,"#305 -190 MANITOBA ST, Toronto, Ontario, M8Y 3Y8"
570,"##1112 -101 PETER ST, Toronto, Ontario, M5V 0G6"
571,"#2604 -33 SHORE BREEZE DR, Toronto, Ontario, M8V 0G1"
572,"#1404 -210 SIMCOE ST, Toronto, Ontario, M5T 0A9"
573,"#1111 -28 HARRISON GARDEN BLVD, Toronto, Ontario, M2N 7B5"
574,"#1510 -225 SACKVILLE ST, Toronto, Ontario, M5A 0B9"
576,"#817 -100 HARRISON GARDEN BLVD, Toronto, Ontario, M2N 0C2"
577,"#401 -23 BRANT ST, Toronto, Ontario, M5V 2L5"
578,"1601-161 Roehampton, Toronto, ON, M4P 0C8"
580,"#903 -295 ADELAIDE ST W, Toronto, Ontario, M5V 1P7"
581,"#3308 -19 GRAND TRUNK CRES, Toronto, Ontario, M5J 3A3"
586,"#1407 -100 ANTIBES DR, Toronto, Ontario, M2R 3N1"
587,"#1504 -35 BASTION ST, Toronto, Ontario, M5V 0C2"
588,"#101 -85 EAST LIBERTY ST, Toronto, Ontario, M6K 0A2"
590,"#708 -231 FORT YORK BLVD, Toronto, Ontario, M5V 1B2"
591,"#209 -397 FRONT ST W, Toronto, Ontario, M5V 3S1"
592,"#208 -8 PEMBERTON AVE, Toronto, Ontario, M2M 4K8"
593,"#1202 -50 BRIAN HARRISON WAY, Toronto, Ontario, M1P 5J4"
594,"#303 -231 FORT YORK BLVD, Toronto, Ontario, M5V 1B2"
597,"#3001 -7 CONCORDE PL, Toronto, Ontario, M3C 3N4"
600,"#228 -18 MONDEO DR, Toronto, Ontario, M1P 5C8"
601,"#2103 -6 EVA RD, Toronto, Ontario, M9C 0B1"
602,"#121 -25 SUNNY GLEN WAY, Toronto, Ontario, M3C 2Z5"
604,"#2104 -5 ST JOSEPH ST, Toronto, Ontario, M4Y 0B6"
606,"305-96 St Patrick STREET, Toronto, ON, M5T 1V2"
608,"#1501 -2015 SHEPPARD AVE, Toronto, Ontario, M2J 0B3"
610,"#112 -270 TIMBERBANK BLVD, Toronto, Ontario, M1W 2M1"
611,"#2002 -20 THOMAS RILEY RD, Toronto, Ontario, M9B 0C3"
612,"#510 -51 EAST LIBERTY ST, Toronto, Ontario, M6K 3P8"
613,"#1010 -121 MCMAHON DR, Toronto, Ontario, M2K 2X9"
615,"#806 -18 VALLEY WOODS RD, Toronto, Ontario, M3A 0A1"
616,"#1003 -56 FOREST MANOR RD, Toronto, Ontario, M2J 1M1"
617,"#840 -36 VIA BAGNATO AVE, Toronto, Ontario, M6A 0B7"
618,"#910 -25 OXLEY ST, Toronto, Ontario, M5V 2J5"
619,"#803 -30 ORDNANCE ST, Toronto, Ontario, M6K 1A2"
621,"#313 -1328 BIRCHMOUNT RD, Toronto, Ontario, M1R 0B6"
622,"#2103 -1328 BIRCHMOUNT RD, Toronto, Ontario, M1R 0B6"
623,"#1202 -61 RICHVIEW RD, Toronto, Ontario, M9A 4M8"
624,"#307 -115 OMNI DR, Toronto, Ontario, M1P 5B4"
628,"#1411 -101 ERSKINE AVE, Toronto, Ontario, M4P 0C5"
632,"#1308 -5740 YONGE ST, Toronto, Ontario, M2M 0B1"
633,"#1105 -9 VALHALLA INN DR, Toronto, Ontario, M9B 0B2"
634,"#1104 -18 GRAYDON HALL DR, Toronto, Ontario, M3A 0A4"
635,"#806 -83 BOROUGH DR, Toronto, Ontario, M1P 5E4"
636,"#902 -99 THE DONWAY W RD W, Toronto, Ontario, M3C 0N8"
638,"#1417 -160 FLEMINGTON RD, Toronto, Ontario, M6A 0A9"
642,"#1711 -18 HARRISON GARDEN BLVD, Toronto, Ontario, M2N 7J7"
643,"#604 -205 FREDERICK ST, Toronto, Ontario, M5A 4V3"
646,"#66 -79 DRIFTWOOD AVE, Toronto, Ontario, M3N 2M7"
647,"#805 -5 GREYSTONE WALK DR, Toronto, Ontario, M1K 5J5"
648,"#314 -1 LEASIDE PARK DR, Toronto, Ontario, M4H 1R1"
651,"#505 -127 QUEEN ST E, Toronto, Ontario, M5C 1S3"
652,"#2608 -115 MCMAHON DR, Toronto, Ontario, M2K 0E3"
653,"#408 -101 PRUDENTIAL DR, Toronto, Ontario, M1P 4S5"
656,"#505 -6 HUMBERLINE DR, Toronto, Ontario, M9W 6X8"
657,"#704 -20 FOREST MANOR RD, Toronto, Ontario, M2J 1M2"
658,"#1112 -1950 KENNEDY RD, Toronto, Ontario, M1P 4S9"
662,"#132 -525 WILSON AVE, Toronto, Ontario, M3H 1V1"
665,"#502 -128 HAZELTON AVE, Toronto, Ontario, M5R 2E5"
666,"#1302 -552 WELLINGTON ST W, Toronto, Ontario, M5V 2V4"
667,"1202-155 St Clair WEST, Toronto, ON, M4V 0A1"
669,"#908 -1 EDGEWATER DR, Toronto, Ontario, M5A 0L1"
670,"#PH801 -1801 BAYVIEW AVE, Toronto, Ontario, M4G 4K2"
672,"#2001 -1 PALACE PIER CRT, Toronto, Ontario, M8V 3W9"
673,"306-188 Cumberland St, Toronto, ON, M5R 2G3"
675,"3117-98 Lillian St, Toronto, ON, M4S 0A5"
678,"#606 -75 PORTLAND ST, Toronto, Ontario, M5V 2M9"
681,"#1703 -56 ANNIE CRAIG DR, Toronto, Ontario, M8V 0C5"
682,"#2610 -230 QUEENS QUAY W QUAY, Toronto, Ontario, M5J 2Y7"
684,"#PH121 -460 ADELAIDE ST E, Toronto, Ontario, M5A 0E7"
685,"#1203 -21 PIRANDELLO ST, Toronto, Ontario, M6K 3P4"
686,"#803 -36 HOWARD PARK AVE, Toronto, Ontario, M6R 1V5"
687,"77 CRIMSON MILLWAY WAY, Toronto, Ontario, M2L 1T8"
688,"#1 -100 COXWELL AVE, Toronto, Ontario, M4L 3B2"
689,"#704 -223 ST CLAIR AVE W, Toronto, Ontario, M4V 1R3"
690,"#807 -501 ST CLAIR AVE W, Toronto, Ontario, M5P 0A2"
691,"#1404 -386 YONGE ST, Toronto, Ontario, M5B 0A5"
694,"518-30 Roehampton, Toronto, ON, M4P 1R2"
695,"#317 -25 THE ESPLANADE, Toronto, Ontario, M5E 1W5"
696,"#806 -39 QUEENS QUAY E, Toronto, Ontario, M5E 0A5"
697,"#27 -22 APPLEWOOD LANE, Toronto, Ontario, M9C 2Z7"
700,"#1312 -15 GREENVIEW AVE, Toronto, Ontario, M2M 4M7"
701,"#2002 -85 WOOD ST, Toronto, Ontario, M4Y 0E8"
707,"#409 -2261 LAKE SHORE BLVD W, Toronto, Ontario, M8V 3X1"
708,"#204 -59 ANNIE CRAIG DR, Toronto, Ontario, M8V 0C4"
709,"#501 -1030 KING ST W, Toronto, Ontario, M6K 3N3"
710,"#209 -1205 QUEEN ST W, Toronto, Ontario, M6K 0B9"
712,"#1018 -87 PETER ST, Toronto, Ontario, M5V 2G4"
713,"#201 -10 NAVY WHARF COURT CRT, Toronto, Ontario, M5V 3V2"
714,"#3 -84 CASTLEBURY CRES, Toronto, Ontario, M2H 1W8"
716,"#2005 -110 CHARLES ST E, Toronto, Ontario, M4Y 1T5"
717,"#1612 -18 PARKVIEW AVE N, Toronto, Ontario, M2N 7H7"
718,"#4011 -21 ICEBOAT TERR, Toronto, Ontario, M5V 4A9"
720,"811-75 The Donway W, Toronto, ON, M3C 2E9"
721,"#1805 -100 HARRISON GARDEN BLVD, Toronto, Ontario, M2N 0C2"
722,"#603 -96 ST PATRICKS ST, Toronto, Ontario, M5T 1V2"
723,"#213 -175 HILDA AVE, Toronto, Ontario, M2M 1V8"
724,"#626 -525 WILSON AVE, Toronto, Ontario, M3H 1V1"
726,"#35 -2800 MIDLAND AVE, Toronto, Ontario, M1S 3K7"
727,"#609 -320 RICHMOND ST E, Toronto, Ontario, M5A 1P9"
730,"#210 -150 FARNHAM AVE, Toronto, Ontario, M4V 1H5"
731,"#216 -369 SORAUREN AVE, Toronto, Ontario, M6R 3C2"
732,"#605 -225 SACKVILLE ST, Toronto, Ontario, M5A 0B9"
734,"#419 -410 QUEENS QUAY W, Toronto, Ontario, M5V 3T1"
735,"#1402 -90 FISHERVILLE RD, Toronto, Ontario, M2R 3J9"
736,"#623 -1881 MCNICOLL AVE, Toronto, Ontario, M1V 5M2"
741,"#513 -60 COLBORNE ST, Toronto, Ontario, M5E 1E3"
742,"#819 -295 ADELAIDE ST W, Toronto, Ontario, M5V 1P7"
743,"#19 -2 DAILING GATE, Toronto, Ontario, M1B 1Z8"
744,"#810 -85 WOOD ST, Toronto, Ontario, M4Y 0E8"
745,"#25 -250 ORTON PARK RD, Toronto, Ontario, M1G 3T6"
746,"#202 -20 BRUYERES MEWS, Toronto, Ontario, M5V 0G8"
748,"#63 -175 TRUDELLE ST, Toronto, Ontario, M1J 3K5"
749,"#139 -124 DUSAY PL, Toronto, Ontario, M1W 2N2"
750,"#608 -1 OLD MILL DR, Toronto, Ontario, M6S 0A1"
756,"#2616 -238 BONIS AVE, Toronto, Ontario, M1T 3W7"
757,"#116 -88 CORPORATE DR N, Toronto, Ontario, M1H 3G6"
759,"#1104 -2121 LAKE SHORE BLVD W, Toronto, Ontario, M8V 4E9"
760,"2215-185 Legion ROAD, Toronto, ON, M8Y 0A1"
761,"#706 -170 CHILTERN HILL RD, Toronto, Ontario, M6C 0A9"
762,"#808 -75 EMMETT AVE, Toronto, Ontario, M6M 5A7"
763,"#2509 -6 EVA RD, Toronto, Ontario, M9C 4Z5"
764,"#2805 -35 MARINER TERR, Toronto, Ontario, M5V 3V9"
769,"#38 -3646 KINGSTON RD, Toronto, Ontario, M1M 1R9"
770,"#404 -18 GRAYDON HALL DR, Toronto, Ontario, M3A 2Z9"
771,"#1111 -10 MARKBROOK LANE N, Toronto, Ontario, M9V 5E3"
772,"#510 -28 PEMBERTON AVE, Toronto, Ontario, M2M 1Y1"
773,"#113 -5235 FINCH AVE E, Toronto, Ontario, M1S 5X3"
774,"#502 -3865 LAKE SHORE BLVD W, Toronto, Ontario, M8W 0A2"
777,"#107 -1900 SHEPPARD AVE E, Toronto, Ontario, M2J 4T4"
778,"#1912 -29 SINGER CRT, Toronto, Ontario, M2K 0B3"
779,"#2815 -155 YORKVILLE AVE, Toronto, Ontario, M5R 1C4"
780,"1110-28 Harrison Garden BLVD, Toronto, ON, M2N 7B5"
781,"#1007 -70 TOWN CENTRE CRT, Toronto, Ontario, M1P 0B2"
782,"#225 -15 NORTHTOWN WAY, Toronto, Ontario, M2N 7A2"
783,"#712 -1 COLE ST, Toronto, Ontario, M5A 4M2"
784,"#303 -300 ALTON TOWERS CIRC, Toronto, Ontario, M1V 4X9"
785,"#25 -140 LONG BRANCH AVE, Toronto, Ontario, M8W 0A9"
787,"#3009 -25 TOWN CENTRE CRT, Toronto, Ontario, M1P 0B4"
788,"#706 -5 PARKWAY FOREST DR, Toronto, Ontario, M2J 1L2"
790,"#609 -7 CONCORDE PL, Toronto, Ontario, M3C 3N4"
791,"#406 -25 OXLEY ST, Toronto, Ontario, M5V 2J5"
795,"#901 -855 KENNEDY RD, Toronto, Ontario, M1K 2E3"
798,"#318 -180 MARKHAM RD, Toronto, Ontario, M1M 2Z9"
799,"#602 -2464 WESTON RD, Toronto, Ontario, M9N 2A2"
800,"#807 -100 LOTHERTON PTWY, Toronto, Ontario, M6B 2G8"
801,"#3009 -180 UNIVERSITY AVE, Toronto, Ontario, M5H 0A2"
802,"#302 -4 THE KINGSWAY, Toronto, Ontario, M8X 1A7"
803,"#3511 -55 HARBOUR SQ, Toronto, Ontario, M5J 2L1"
804,"#2901 -199 RICHMOND ST W, Toronto, Ontario, M5V 0H4"
806,"#6213 -7 GRENVILLE ST, Toronto, Ontario"
809,"Ph1114-18 Merton St, Toronto, ON, M4S 3G9"
810,"#110 -75 YORK MILLS RD, Toronto, Ontario, M2P 2E7"
812,"#807 -138 PRINCESS ST, Toronto, Ontario, M5A 0B1"
813,"16 SUPERIOR CREEK LANE, Toronto, Ontario, M8Z 6C5"
815,"#4210 -1 BLOOR ST E, Toronto, Ontario, M4W 1A9"
816,"#301 -15 GLEN MANOR DR, Toronto, Ontario, M4E 2X3"
818,"#1603 -100 QUEBEC AVE, Toronto, Ontario, M6P 4B8"
819,"111-22 Western Battery Rd, Toronto, ON, M6K 3N9"
820,"#229 -510 KING ST E, Toronto, Ontario, M5A 0E5"
821,"316-255 The Donway W, Toronto, ON, M3B 3M3"
822,"#103 -90 SHERBOURNE ST, Toronto, Ontario, M5A 2R1"
823,"3108-1 Palace Pier CRT, Toronto, ON, M8V 3W9"
824,"#1408 -5 KENNETH AVE, Toronto, Ontario, M2N 6M7"
826,"#2106 -11 BOGERT AVE, Toronto, Ontario, M2N 1K4"
827,"#2406 -66 FOREST MANOR RD, Toronto, Ontario, M2J 1M6"
828,"#1105 -100 WESTERN BATTERY RD, Toronto, Ontario, M6K 3S2"
829,"#209 -101 HAMMERSMITH AVE, Toronto, Ontario, M4E 2W3"
830,"315-208 Queens QUAY WEST, Toronto, ON, M5J 2Y5"
831,"#1304 -438 KING ST W, Toronto, Ontario, M5V 3T9"
832,"#118 -955 QUEEN ST W, Toronto, Ontario, M6J 1G9"
833,"#309 -1210 DON MILLS RD, Toronto, Ontario, M3B 3N9"
834,"#1405 -1369 BLOOR ST W, Toronto, Ontario, M6P 4J4"
836,"106-1093 Kingston ROAD, Toronto, ON, M1N 4E2"
837,"#1504 -600 FLEET ST, Toronto, Ontario, M5V 1B7"
839,"#726 -88 COLGATE AVE, Toronto, Ontario, M4M 0A6"
840,"#519 -10 BLOORVIEW PL, Toronto, Ontario, M2J 0B1"
842,"#1202 -832 BAY ST, Toronto, Ontario, M5S 1Z6"
843,"#703 -8 WELLESLEY ST E, Toronto, Ontario, M4Y 3B2"
845,"#603 -783 BATHURST ST, Toronto, Ontario, M5S 0A8"
846,"#GPH17 -100 HARRISON GARDEN BLVD, Toronto, Ontario, M2N 0C2"
848,"#605 -51 TROLLEY CRES, Toronto, Ontario, M5A 0E9"
849,"309-377 Madison Ave, Toronto, ON, M4V 2W7"
851,"213-38 Cameron St, Toronto, ON, M2N 1H1"
853,"#2111 -830 LAWRENCE AVE W, Toronto, Ontario, M6A 1C3"
854,"#306 -500 SHERBOURNE ST, Toronto, Ontario, M4X 1L1"
856,"#922 -8 TRENT AVE, Toronto, Ontario, M4C 5C6"
857,"#3101 -8 PARK RD, Toronto, Ontario, M4W 3S5"
858,"#703 -2 FIELDWAY DR, Toronto, Ontario, M8Z 3L2"
859,"#708 -633 BAY ST, Toronto, Ontario, M5G 2G4"
861,"#602 -81 NAVY WHARF CRT, Toronto, Ontario, M5V 3S2"
862,"#627 -461 ADELAIDE ST W, Toronto, Ontario, M5V 1T1"
863,"#14 -5 FOUR WINDS DR, Toronto, Ontario, M3J 1K7"
865,"#711 -10 NAVY WHARF  CRT, Toronto, Ontario, M5V 3V2"
866,"#410 -5 MARINE PARADE DR, Toronto, Ontario, M8V 4B4"
867,"#2802 -59 ANNIE CRAIG DR, Toronto, Ontario, M8V 0C5"
868,"109-380 Macpherson Ave, Toronto, ON, M4V 3E3"
869,"#807 -28 WILLIAM CARSON CRES, Toronto, Ontario, M2P 2H1"
870,"#15 -10 CARNATION AVE, Toronto, Ontario, M8V 0B8"
871,"#221 -1328 BIRCHMOUNT  RD, Toronto, Ontario, M1R 3A7"
872,"#6 -1636 DUNDAS ST W, Toronto, Ontario, M6K 1V1"
874,"#PH 05 -210 VICTORIA ST, Toronto, Ontario, M5B 2R3"
876,"#2403 -100 ANTIBES DR, Toronto, Ontario, M2R 3N1"
878,"#2611 -5168 YONGE ST, Toronto, Ontario, M2N 0G1"
882,"#906 -35 HAYDEN ST, Toronto, Ontario, M4Y 3C3"
883,"#313 -410 QUEENS QUAY W, Toronto, Ontario, M5V 3T1"
885,"#902 -42 CHARLES ST E, Toronto, Ontario, M4Y 1T4"
886,"#1502 -25 FONTENAY CRT, Toronto, Ontario, M9A 0C4"
887,"#3110 -42 CHARLES ST E, Toronto, Ontario, M4Y 1T4"
888,"#401 -36 HOWARD PARK AVE, Toronto, Ontario, M6R 0A5"
889,"#2206 -83 BOROUGH DR, Toronto, Ontario, M1P 5E4"
891,"#PH06 -30 HERON'S HILL WAY, Toronto, Ontario, M2J 0A7"
892,"#2302 -15 GREENVIEW AVE, Toronto, Ontario, M2M 4M7"
895,"#1603 -55 ANN O'REILLY RD, Toronto, Ontario, M2J 0C9"
897,"#63 -37 FOUR WINDS DR, Toronto, Ontario, M3J 1K7"
898,"#1611 -51 LOWER SIMCOE ST, Toronto, Ontario, M5J 3A2"
899,"#2302 -373 FRONT ST W, Toronto, Ontario, M5V 3R7"
901,"#1711 -757 VICTORIA PARK AVE, Toronto, Ontario, M4C 5N8"
902,"#4105 -2212 LAKE SHORE BLVD W, Toronto, Ontario, M8V 1A4"
907,"#252 -3 EVERSON DR, Toronto, Ontario, M2N 7C2"
908,"#1004 -311 RICHMOND ST E, Toronto, Ontario, M5A 4S8"
910,"1412-1360 York Mills  Rd, Toronto, ON, M3A 2A2"
911,"#1016 -3043 FINCH AVE W, Toronto, Ontario, M9M 0A4"
912,"#1807 -170 FORT YORK BLVD, Toronto, Ontario, M5V 0E6"
913,"#902 -1328 BIRCHMOUNT RD, Toronto, Ontario, M1R 0B6"
914,"#411 -11 MICHAEL POWER PL, Toronto, Ontario, M9A 5G3"
915,"#710 -10 MUIRHEAD RD, Toronto, Ontario, M2J 4P9"
916,"#708 -50 CAMDEN ST, Toronto, Ontario, M5V 3N1"
917,"#1416 -5 VICORA LINK WAY, Toronto, Ontario, M3C 1A5"
918,"#510 -1 COLE ST, Toronto, Ontario, M5A 4M2"
919,"#903 -155 BEECROFT RD, Toronto, Ontario, M2N 7C6"
923,"#808 -9 VALHALLA INN RD, Toronto, Ontario, M9B 0B2"
924,"#313 -701 SHEPPARD AVE W, Toronto, Ontario, M3H 0B2"
926,"#401 -9 MICHAEL POWER PL, Toronto, Ontario, M9A 0A5"
927,"232-1185 The Queensway Ave, Toronto, ON, M8Z 0C6"
928,"439-1830 Bloor St W, Toronto, ON, M6P 0A2"
929,"#1109 -7 BISHOP AVE, Toronto, Ontario, M2M 4J4"
930,"#102 -55 CARSCADDEN DR, Toronto, Ontario, M2R 2A6"
933,"#1911 -5 MASSEY SQ, Toronto, Ontario, M4C 5L6"
942,"409-21 Burkebrook Pl, Toronto, ON, M4G 0A2"
943,"410-9 Burnhamthorpe CRES, Toronto, ON, M9A 1G5"
945,"810-130 Carlton STREET, Toronto, ON, M5A 4K3"
946,"#PH13 -1000 KING ST W, Toronto, Ontario, M6K 3N1"
948,"74 HARGRAVE LANE, Toronto, Ontario, M4N 0A4"
949,"201-1210 Don Mills Rd, Toronto, ON, M3B 3N9"
950,"#108 -15 MCMURRICH ST, Toronto, Ontario, M5R 3M6"
951,"#2109 -1 BLOOR ST E, Toronto, Ontario, M4W 1A9"
953,"#811 -38 ELM ST, Toronto, Ontario, M5G 2K5"
955,"#1015 -85 EAST LIBERTY ST, Toronto, Ontario, M6K 0A2"
958,"#722 -23 GLEBE RD W, Toronto, Ontario, M5P 0A1"
959,"#602 -110 CHARLES ST E, Toronto, Ontario, M4Y 1T5"
960,"#2208 -90 PARK LAWN RD, Toronto, Ontario, M8Y 3H3"
961,"#809 -1 BLOOR ST E, Toronto, Ontario, M4W 0A8"
964,"#506 -35 BRIAN PECK CRES, Toronto, Ontario, M4G 0A5"
965,"#2217 -70 TEMPERANCE ST, Toronto, Ontario, M5H 4E8"
966,"#813 -15 GREENVIEW AVE, Toronto, Ontario, M2M 4M7"
967,"#PH10 -650 SHEPPARD AVE E, Toronto, Ontario, M2K 3E4"
968,"#TH7 -3237 BAYVIEW AVE, Toronto, Ontario, M2K 2N4"
969,"#433 -120 HARRISON GARDEN BLVD, Toronto, Ontario, M2N 0H1"
971,"#3504 -16 BROOKERS LANE, Toronto, Ontario, M8V 0A5"
974,"#2701 -8 EGLINTON AVE E, Toronto, Ontario, M4P 1A6"
975,"#1209 -35 EMPRESS AVE, Toronto, Ontario, M2N 6T3"
976,"#708 -1801 BAYVIEW AVE, Toronto, Ontario, M4G 4K2"
977,"#703 -33 CHARLES ST E, Toronto, Ontario, M4Y 1R9"
978,"#2119 -35 HOLLYWOOD AVE E, Toronto, Ontario, M2N 0A9"
980,"#1920 -25 GREENVIEW AVE, Toronto, Ontario, M2M 0A5"
981,"114-60 Southport St, Toronto, ON, M6S 3N4"
982,"#104 -78 ST PATRICK ST, Toronto, Ontario, M5T 1V1"
983,"#4 -108 CALEDONIA PARK RD, Toronto, Ontario, M6H 0B1"
985,"#432 -165 LEGION RD N, Toronto, Ontario, M8Y 0B3"
986,"#TH2 -21 CONEFLOWER CRES, Toronto, Ontario, M2R 0A4"
989,"#2523 -633 BAY ST, Toronto, Ontario, M5G 2G4"
992,"#703 -101 CHARLES ST E, Toronto, Ontario, M4Y 0A9"
993,"#359 -415 JARVIS ST, Toronto, Ontario, M4Y 3C1"
994,"#1231 -25 BAMBURGH CIRC, Toronto, Ontario, M1W 3W2"
995,"420-130 Widdicombe Hill BLVD, Toronto, ON, M9R 4A6"
998,"#604 -569 KING ST E, Toronto, Ontario, M5A 1M5"
999,"#209 -1190 DUNDAS ST E, Toronto, Ontario, M4M 1S3"
1000,"#309 -16 MCADAM AVE, Toronto, Ontario, M6A 1S5"
1001,"#1011 -17 ANNDALE DR, Toronto, Ontario, M2N 2W7"
1002,"#3308 -3303 DON MILLS RD, Toronto, Ontario, M2J 4T6"
1005,"12-48 Three Valleys Dr, Toronto, ON, M3A 3B5"
1006,"#412 -12 REAN DR, Toronto, Ontario, M2K 3C6"
1007,"#2208 -50 LYNN WILLIAMS ST, Toronto, Ontario, M6K 3R9"
1009,"1516-105 The Queensway, Toronto, ON, M6S 5B5"
1010,"#207 -8835 SHEPPARD AVE E, Toronto, Ontario, M1B 5R7"
